
{
    "$schema": "https://schema.freqtrade.io/schema.json",
    "max_open_trades": 3,
    "stake_currency": "USDT",
    "stake_amount": "unlimited",
    "tradable_balance_ratio": 0.99,
    "fiat_display_currency": "USD",
    "timeframe": "1m",
    "dry_run": false,
    "dry_run_wallet": 1000,
    "cancel_open_orders_on_exit": false,
    "trading_mode": "spot",
    "margin_mode": "",
    "unfilledtimeout": {
        "entry": 10,
        "exit": 10,
        "exit_timeout_count": 0,
        "unit": "minutes"
    },
    "entry_pricing": {
        "price_side": "same",
        "use_order_book": true,
        "order_book_top": 1,
        "price_last_balance": 0.0,
        "check_depth_of_market": {
            "enabled": false,
            "bids_to_ask_delta": 1
        }
    },
    "exit_pricing":{
        "price_side": "same",
        "use_order_book": true,
        "order_book_top": 1
    },
    "exchange": {
        "name": "bybit",
        "key": "XSkVUIDp55qapjqpd6",
        "secret": "noDFS23h2x6rSZ0f3E7wH3anWFS0u4y4BThK",
        "ccxt_config": {},
        "ccxt_async_config": {},
        "pair_whitelist": [
    "BTC/USDT",
    "ETH/USDT"
],

        "pair_blacklist": [
        ]
    },
  "pairlists": [
    {
        "method": "StaticPairList",
        "pairs": [
            "BTC/USDT",
            "ETH/USDT"
        ]
    }
],
    "telegram": {
        "enabled": true,
        "token": "7623255747:AAF2WG9MWpFNfLiype-UP3iz0dyo69yfVKU",
        "chat_id": "1159028332"
    },
    "api_server": {
        "enabled": true,
        "listen_ip_address": "127.0.0.1",
        "listen_port": 8080,
        "verbosity": "error",
        "enable_openapi": false,
        "jwt_secret_key": "b0bca40ba4cbc8a257951f4e7d4c3dc254556fba919db3e0c84e2d886b2c6877",
        "ws_token": "eoF7e1YX-U7fp-1epQj8BS4-rEwYf7YNPA",
        "CORS_origins": [],
        "username": "freq",
        "password": "1234"
    },
    "bot_name": "freqtrade",
    "initial_state": "running",
    "force_entry_enable": false,
    "internals": {
        "process_throttle_secs": 5
    }
}
